Date,Content
2024-03-31,https://boxd.it/6aO4bv
2024-03-31,https://boxd.it/2oSIYp
2024-04-26,https://boxd.it/khDzX
2024-04-26,https://boxd.it/OepeP
2024-04-27,https://boxd.it/isCVR
2024-04-27,https://boxd.it/6grqr
2024-04-28,https://boxd.it/kgMh7
2024-04-28,https://boxd.it/2YFFH
2024-04-29,https://boxd.it/190pu5
2024-04-29,https://boxd.it/1UqwBx
2024-04-29,https://boxd.it/2stCfp
2024-04-30,https://boxd.it/4uHtLj
2024-05-05,https://boxd.it/2hla49
2024-05-16,https://boxd.it/2M2bs3
2024-05-17,https://boxd.it/zvq6V
2024-05-19,https://boxd.it/6uYL5P
2024-05-19,https://boxd.it/r1sz
2024-05-19,https://boxd.it/6uZqlp
2024-05-20,https://boxd.it/59oQyN
2024-05-22,https://boxd.it/6w6G69
2024-05-22,https://boxd.it/6w1437
2024-05-22,https://boxd.it/4XsOcl
2024-05-22,https://boxd.it/13GXf
2024-05-22,https://boxd.it/KRD1x
2024-05-22,https://boxd.it/2Kpf5b
2024-05-23,https://boxd.it/263L0D
2024-05-23,https://boxd.it/6sNxHZ
2024-05-26,https://boxd.it/1Cm9Et
2024-05-27,https://boxd.it/67gqXh
2024-05-28,https://boxd.it/X5Iox
2024-05-28,https://boxd.it/3yKv2J
2024-05-29,https://boxd.it/3UiiiV
2024-05-29,https://boxd.it/1FiO8H
2024-05-29,https://boxd.it/bcZLv
2024-05-29,https://boxd.it/4Z8mBZ
2024-06-05,https://boxd.it/6CbspZ
2024-06-06,https://boxd.it/4eBMpv
2024-06-07,https://boxd.it/KdKX9
2024-06-10,https://boxd.it/3dO0J7
2024-06-10,https://boxd.it/joPFj
2024-06-10,https://boxd.it/1dXBhV
2024-06-10,https://boxd.it/4fO9ah
2024-06-10,https://boxd.it/6DYfV1
2024-06-11,https://boxd.it/6DhFjL
2024-06-13,https://boxd.it/6Fk1Ib
2024-06-13,https://boxd.it/6Fox67
2024-06-14,https://boxd.it/1joyjt
2024-06-14,https://boxd.it/a7MI5
2024-06-15,https://boxd.it/1WCOSN
2024-06-16,https://boxd.it/6GfVoF
2024-06-18,https://boxd.it/6GOBED
2024-06-19,https://boxd.it/tdXEV
2024-06-22,https://boxd.it/4fO7hl
2024-06-26,https://boxd.it/6K2t27
2024-06-27,https://boxd.it/1y6IaF
2024-06-30,https://boxd.it/2tTPnx
2024-06-30,https://boxd.it/2QeGqH
2024-06-30,https://boxd.it/2uVFjX
2024-06-30,https://boxd.it/2wD2Xr
2024-06-30,https://boxd.it/2K4gSh
2024-07-01,https://boxd.it/6nsk1z
2024-07-04,https://boxd.it/4UPRt9
2024-07-04,https://boxd.it/4WFvYd
2024-07-04,https://boxd.it/1oooD
2024-07-07,https://boxd.it/gAWSB
2024-07-07,https://boxd.it/2dD6Bj
2024-07-07,https://boxd.it/6OPQrj
2024-07-12,https://boxd.it/6R3wTD
2024-07-12,https://boxd.it/4p66Wp
2024-07-14,https://boxd.it/641NP
2024-07-16,https://boxd.it/56leXH
2024-07-18,https://boxd.it/n7fj
2024-07-18,https://boxd.it/1Bg9U1
2024-07-18,https://boxd.it/6TT2jH
2024-07-25,https://boxd.it/kDp3H
2024-08-14,https://boxd.it/2Ixwtd
2024-08-17,https://boxd.it/56FyQr
2024-08-21,https://boxd.it/BY4PF
2024-08-21,https://boxd.it/K40bZ
2024-08-27,https://boxd.it/tP3ot
2024-08-27,https://boxd.it/24dvA3
2024-08-30,https://boxd.it/7cCmFZ
2024-09-14,https://boxd.it/1ge3Et
2024-09-22,https://boxd.it/2U368h
2024-09-22,https://boxd.it/uuRxd
2024-09-28,https://boxd.it/7qbnh7
2024-10-03,https://boxd.it/7s29E7
2024-10-24,https://boxd.it/RDz6j
2024-10-24,https://boxd.it/yHfcX
2024-11-03,https://boxd.it/30QxS9
2024-11-03,https://boxd.it/7I1Qot
2024-11-22,https://boxd.it/7QQc8T
2024-12-26,https://boxd.it/7RKkgX
2024-12-30,https://boxd.it/1NfWF1
2024-12-31,https://boxd.it/Kt49j
2025-01-04,https://boxd.it/2VwyW7
2025-01-04,https://boxd.it/47pyUd
2025-01-07,https://boxd.it/5nggRz
2025-01-26,https://boxd.it/6Os4DZ
2025-02-02,https://boxd.it/8GRclX
2025-02-04,https://boxd.it/5XrnY9
2025-02-24,https://boxd.it/5pfWYN
2025-03-04,https://boxd.it/90M9lF
2025-03-08,https://boxd.it/4aQ1V
2025-03-10,https://boxd.it/FgqNf
2025-03-19,https://boxd.it/99R02b
2025-04-06,https://boxd.it/7gNg0J
2025-04-17,https://boxd.it/9qwGtT
2025-04-23,https://boxd.it/2aNSlh
2025-05-13,https://boxd.it/9GL0kp
2025-05-27,https://boxd.it/9OuFVT
2025-05-31,https://boxd.it/5dAQAf
2025-06-11,https://boxd.it/5Zb2nn
2025-06-12,https://boxd.it/8vdMU1
2025-06-14,https://boxd.it/OJ1
2025-06-14,https://boxd.it/6fnTvx
2025-06-16,https://boxd.it/VIDfb
2025-06-25,https://boxd.it/9y2ZSv
2025-07-18,https://boxd.it/amxDcJ
2025-07-22,https://boxd.it/4iMN4L
2025-08-11,https://boxd.it/34kwL
2025-08-11,https://boxd.it/2xGyF5
2025-08-14,https://boxd.it/9YkH9R
2025-08-20,https://boxd.it/4iQ5Jt
2025-08-20,https://boxd.it/aNeq3T
2025-09-02,https://boxd.it/E2zbR
2025-09-17,https://boxd.it/b5PTRz
2025-09-23,https://boxd.it/6Htdur
2025-10-02,https://boxd.it/63xdRt
2025-10-19,https://boxd.it/b1uelp
2025-10-21,https://boxd.it/m3vlN
2025-10-26,https://boxd.it/btWDq3
2025-11-19,https://boxd.it/8tNvlx
2025-12-10,https://boxd.it/bZi0dn
2025-12-12,https://boxd.it/nPaYp
2025-12-16,https://boxd.it/5Dt5O5
2026-01-04,https://boxd.it/9UEOqz
2026-01-19,https://boxd.it/cHpIeJ
2026-01-19,https://boxd.it/bg4BU1
2026-01-22,https://boxd.it/1VjUOv
2026-02-04,https://boxd.it/blKm49
2026-02-25,https://boxd.it/dhJfVX
2026-02-26,https://boxd.it/58wjm7
2026-03-05,https://boxd.it/4Oy8ZB
2026-03-13,https://boxd.it/ajRbH3
2026-03-13,https://boxd.it/duzawP
2026-03-18,https://boxd.it/3Hh0l9
2026-03-18,https://boxd.it/dz6zJr
2026-03-20,https://boxd.it/az69ph
2026-04-06,https://boxd.it/4ipXR3
2026-04-06,https://boxd.it/5LjlZF
2026-04-06,https://boxd.it/5FnruH
2026-04-07,https://boxd.it/dRZG0l
2026-04-11,https://boxd.it/dUGM4R
2026-04-13,https://boxd.it/1RimIb
2026-04-21,https://boxd.it/5dLkf7
2026-04-21,https://boxd.it/bby1fr
2026-04-29,https://boxd.it/2yYeD
2026-05-02,https://boxd.it/5ajqkz
2026-06-04,https://boxd.it/8QEyHP
2026-06-05,https://boxd.it/eEuG7b
2026-06-08,https://boxd.it/bTUQrj
2026-06-09,https://boxd.it/2JlRMP
2026-06-20,https://boxd.it/5sW7N3
2026-07-17,https://boxd.it/6KHTZV
2026-08-17,https://boxd.it/1t2Ir
2026-08-18,https://boxd.it/enUEIj
