Date,Name,Year,Letterboxd URI,Rating
2024-03-31,The Wolf of Wall Street,2013,https://boxd.it/3C1m,4
2024-03-31,The Irishman,2019,https://boxd.it/dYOq,4.5
2024-03-31,Entergalactic,2022,https://boxd.it/CPN4,2.5
2024-03-31,American Pie,1999,https://boxd.it/27qy,3
2024-03-31,Superbad,2007,https://boxd.it/20hO,4
2024-03-31,Fight Club,1999,https://boxd.it/2a9q,5
2024-03-31,Drive,2011,https://boxd.it/IG,3.5
2024-03-31,Blade Runner 2049,2017,https://boxd.it/b8wK,4
2024-03-31,American Psycho,2000,https://boxd.it/28Vs,2.5
2024-03-31,Interstellar,2014,https://boxd.it/4VZ8,5
2024-03-31,Whiplash,2014,https://boxd.it/7bQA,4.5
2024-03-31,The Pianist,2002,https://boxd.it/2aqc,4.5
2024-03-31,All Quiet on the Western Front,2022,https://boxd.it/H08,4.5
2024-03-31,Apocalypse Now,1979,https://boxd.it/6ZS,3.5
2024-03-31,The Grand Budapest Hotel,2014,https://boxd.it/3ZqO,4.5
2024-03-31,Uncut Gems,2019,https://boxd.it/gXGc,4
2024-03-31,WALL·E,2008,https://boxd.it/1VEo,5
2024-03-31,Lost in Translation,2003,https://boxd.it/2b0E,3
2024-03-31,War Dogs,2016,https://boxd.it/9SlO,3.5
2024-03-31,The Shawshank Redemption,1994,https://boxd.it/2aHi,4
2024-03-31,Argentina 1985,2022,https://boxd.it/qLxM,4.5
2024-03-31,Zodiac,2007,https://boxd.it/27MO,3
2024-03-31,Memento,2000,https://boxd.it/2bcK,4.5
2024-03-31,Inglourious Basterds,2009,https://boxd.it/1JzG,4.5
2024-03-31,Scarface,1983,https://boxd.it/2b7g,3.5
2024-03-31,Shutter Island,2010,https://boxd.it/1U82,5
2024-03-31,American History X,1998,https://boxd.it/2bdo,4.5
2024-03-31,GoodFellas,1990,https://boxd.it/29FA,4
2024-03-31,Top Gun: Maverick,2022,https://boxd.it/cjr4,3.5
2024-03-31,1917,2019,https://boxd.it/jj4y,4.5
2024-03-31,Inception,2010,https://boxd.it/1skk,4.5
2024-03-31,La Haine,1995,https://boxd.it/2as8,5
2024-03-31,Ratatouille,2007,https://boxd.it/27ww,4
2024-03-31,Django Unchained,2012,https://boxd.it/2cCk,5
2024-03-31,Barbie,2023,https://boxd.it/bCLK,3.5
2024-03-31,Once Upon a Time... in Hollywood,2019,https://boxd.it/gH0O,3.5
2024-03-31,Se7en,1995,https://boxd.it/29zs,3.5
2024-03-31,Casino,1995,https://boxd.it/2ads,3.5
2024-03-31,City of God,2002,https://boxd.it/2a2a,5
2024-03-31,Harakiri,1962,https://boxd.it/1NTU,4
2024-03-31,Coco,2017,https://boxd.it/bYJQ,4.5
2024-03-31,Parasite,2019,https://boxd.it/hTha,4.5
2024-03-31,Pulp Fiction,1994,https://boxd.it/29Pq,4.5
2024-03-31,Donnie Darko,2001,https://boxd.it/2b2A,4
2024-03-31,Fantastic Mr. Fox,2009,https://boxd.it/1WyQ,5
2024-03-31,The Wonderful Story of Henry Sugar,2023,https://boxd.it/yNyo,3.5
2024-03-31,Reservoir Dogs,1992,https://boxd.it/2agc,4
2024-03-31,Requiem for a Dream,2000,https://boxd.it/29VI,4
2024-03-31,Sound of Metal,2019,https://boxd.it/i7Q4,4
2024-03-31,Glass Onion,2022,https://boxd.it/oCkK,3.5
2024-03-31,Moonrise Kingdom,2012,https://boxd.it/2Wng,4
2024-03-31,Society of the Snow,2023,https://boxd.it/y9aw,4.5
2024-03-31,Spirited Away,2001,https://boxd.it/2b4m,5
2024-03-31,Poor Things,2023,https://boxd.it/tNWU,3.5
2024-03-31,Princess Mononoke,1997,https://boxd.it/2b4w,5
2024-03-31,My Neighbor Totoro,1988,https://boxd.it/20eA,4.5
2024-04-27,Howl's Moving Castle,2004,https://boxd.it/23De,5
2024-04-27,Porco Rosso,1992,https://boxd.it/1Tp2,4.5
2024-04-27,Tenet,2020,https://boxd.it/leq4,3
2024-04-29,Whisper of the Heart,1995,https://boxd.it/17uy,4
2024-05-03,The Wind Rises,2013,https://boxd.it/4JQS,4
2024-05-04,Castle in the Sky,1986,https://boxd.it/1W4G,3.5
2024-05-05,Heat,1995,https://boxd.it/2bg8,4
2024-05-05,Nausicaä of the Valley of the Wind,1984,https://boxd.it/2bc6,4.5
2024-05-08,Ponyo,2008,https://boxd.it/1S0A,3.5
2024-05-09,Kiki's Delivery Service,1989,https://boxd.it/1JAY,4
2024-05-10,Come and See,1985,https://boxd.it/1w9q,4
2024-05-10,Five Nights at Freddy's,2023,https://boxd.it/ikHu,2.5
2024-05-11,The Secret World of Arrietty,2010,https://boxd.it/AF4,3.5
2024-05-17,Napoleon,2023,https://boxd.it/shJM,2.5
2024-05-17,Lightyear,2022,https://boxd.it/qV1G,2.5
2024-05-22,The Cat Returns,2002,https://boxd.it/1Mne,3
2024-05-23,From Up on Poppy Hill,2011,https://boxd.it/2VCa,4
2024-05-23,Grave of the Fireflies,1988,https://boxd.it/1RUM,4
2024-05-23,Poison,2023,https://boxd.it/Is7Q,3
2024-05-25,Mortadelo & Filemon: Mission Implausible,2014,https://boxd.it/6ISW,4.5
2024-05-27,Good Will Hunting,1997,https://boxd.it/2ahY,4
2024-05-28,Baby Driver,2017,https://boxd.it/bhF2,3
2024-05-28,Saving Private Ryan,1998,https://boxd.it/29ro,3
2024-06-01,Ocean Waves,1993,https://boxd.it/1CtQ,3.5
2024-06-04,Memories of Murder,2003,https://boxd.it/1TSo,3
2024-06-08,Dunkirk,2017,https://boxd.it/d0Y6,2
2024-06-08,Perfect Blue,1997,https://boxd.it/1W7A,3.5
2024-06-10,Munich – The Edge of War,2021,https://boxd.it/sy84,1
2024-06-10,Wolf Children,2012,https://boxd.it/3Ipk,4
2024-06-10,The Lighthouse,2019,https://boxd.it/icFU,3.5
2024-06-12,Bohemian Rhapsody,2018,https://boxd.it/f1TK,3.5
2024-06-12,Weathering with You,2019,https://boxd.it/kPxE,3
2024-06-13,When Marnie Was There,2014,https://boxd.it/78pm,4.5
2024-06-14,The Red Turtle,2016,https://boxd.it/bdkE,1.5
2024-06-15,Tales from Earthsea,2006,https://boxd.it/17ae,1.5
2024-06-15,The Tale of The Princess Kaguya,2013,https://boxd.it/4JQI,2
2024-06-15,Only Yesterday,1991,https://boxd.it/1MR4,2.5
2024-06-17,Get Out,2017,https://boxd.it/eOCm,4.5
2024-06-18,The Hateful Eight,2015,https://boxd.it/8gw8,4.5
2024-06-24,Earwig and the Witch,2020,https://boxd.it/pu34,0.5
2024-06-25,Pom Poko,1994,https://boxd.it/1Mvi,3.5
2024-06-26,Athena,2022,https://boxd.it/waii,3.5
2024-06-27,Nobody,2021,https://boxd.it/mLqS,4
2024-06-30,Suzume,2022,https://boxd.it/yv7Y,4
2024-07-04,Belle,2021,https://boxd.it/tbEe,4
2024-07-04,Schindler's List,1993,https://boxd.it/2aq2,4.5
2024-07-04,Gone Girl,2014,https://boxd.it/6hQu,3
2024-07-06,Arrival,2016,https://boxd.it/aNGk,3
2024-07-07,Coraline,2009,https://boxd.it/1NhQ,3.5
2024-07-07,Little Women,2019,https://boxd.it/aSVk,4
2024-07-12,Asteroid City,2023,https://boxd.it/s3ds,3.5
2024-07-14,My Neighbors the Yamadas,1999,https://boxd.it/1KC2,3.5
2024-07-16,The Boy and the Heron,2023,https://boxd.it/ipeM,3.5
2024-07-18,Rocky,1976,https://boxd.it/28Uk,4
2024-07-25,The Silence of the Lambs,1991,https://boxd.it/2aHW,4
2024-07-25,Her,2013,https://boxd.it/4O24,3.5
2024-07-26,The World is Ours,2012,https://boxd.it/3R3i,4
2024-07-28,12 Angry Men,1997,https://boxd.it/1Sg4,4
2024-08-09,Call Me by Your Name,2017,https://boxd.it/dYmm,4
2024-08-13,Mary and The Witch's Flower,2017,https://boxd.it/ffTY,3.5
2024-08-14,Men in Black,1997,https://boxd.it/2a0I,3
2024-08-14,Forrest Gump,1994,https://boxd.it/728,5
2024-08-17,The Godfather,1972,https://boxd.it/2aNK,4.5
2024-08-18,The Game,1997,https://boxd.it/26vC,3.5
2024-08-19,El Camino: A Breaking Bad Movie,2019,https://boxd.it/kv0q,2.5
2024-08-21,Neon Genesis Evangelion,1995,https://boxd.it/ptEI,4.5
2024-08-21,Neon Genesis Evangelion: The End of Evangelion,1997,https://boxd.it/1GRM,5
2024-08-21,Joker,2019,https://boxd.it/h4cS,4.5
2024-08-23,Evangelion: 1.0 You Are (Not) Alone,2007,https://boxd.it/1MKi,2.5
2024-08-23,Evangelion: 2.0 You Can (Not) Advance,2009,https://boxd.it/1zYm,2
2024-08-27,Evangelion: 3.0 You Can (Not) Redo,2012,https://boxd.it/2BwG,2.5
2024-08-28,Platoon,1986,https://boxd.it/29BS,3
2024-08-29,Spider-Man: Across the Spider-Verse,2023,https://boxd.it/kSz4,4.5
2024-08-30,The Hangover,2009,https://boxd.it/1GjK,3.5
2024-09-01,About Time,2013,https://boxd.it/43bI,4.5
2024-09-02,Paths of Glory,1957,https://boxd.it/29b6,4
2024-09-08,The Holy Innocents,1984,https://boxd.it/2CbE,3.5
2024-09-14,The Talented Mr. Ripley,1999,https://boxd.it/2924,3.5
2024-09-22,(500) Days of Summer,2009,https://boxd.it/1EmM,4.5
2024-09-22,Midsommar,2019,https://boxd.it/jhxe,2
2024-09-23,Paprika,2006,https://boxd.it/23wW,4
2024-09-28,Lady Bird,2017,https://boxd.it/dGNE,4
2024-10-08,Black Swan,2010,https://boxd.it/Sw0,4
2024-10-20,Ford v Ferrari,2019,https://boxd.it/ce74,4
2024-10-24,The Usual Suspects,1995,https://boxd.it/29XE,4
2024-10-29,Evangelion: 3.0+1.0 Thrice Upon a Time,2021,https://boxd.it/8LnQ,3.5
2024-10-30,No Country for Old Men,2007,https://boxd.it/21ew,3
2024-11-03,Knives Out,2019,https://boxd.it/jWEA,4.5
2024-11-03,Fire of Love,2022,https://boxd.it/yoPY,4
2024-11-03,Us and Them,2018,https://boxd.it/ip3a,5
2024-11-10,Birdman or (The Unexpected Virtue of Ignorance),2014,https://boxd.it/5RFA,4
2024-11-12,Catch Me If You Can,2002,https://boxd.it/29VS,4
2024-11-28,A Silent Voice: The Movie,2016,https://boxd.it/d99c,4.5
2024-12-19,I Want to Eat Your Pancreas,2018,https://boxd.it/ie6C,2.5
2024-12-22,Cowboy Bebop,1998,https://boxd.it/ptES,4
2024-12-23,The Girl Who Leapt Through Time,2006,https://boxd.it/1OPa,4
2024-12-26,Gladiator II,2024,https://boxd.it/kqQQ,3.5
2024-12-27,Cowboy Bebop: The Movie,2001,https://boxd.it/1Uc4,4
2024-12-28,The Fugitive,1993,https://boxd.it/230G,3.5
2024-12-28,Eternal Sunshine of the Spotless Mind,2004,https://boxd.it/6YK,4.5
2024-12-30,Summer Wars,2009,https://boxd.it/1oDC,3.5
2024-12-31,RRR,2022,https://boxd.it/ljDs,4.5
2025-01-01,The Social Network,2010,https://boxd.it/17ue,3
2025-01-04,Liz and the Blue Bird,2018,https://boxd.it/hksW,1.5
2025-01-04,The Truman Show,1998,https://boxd.it/18U8,4.5
2025-01-07,Saltburn,2023,https://boxd.it/z4eg,3.5
2025-01-21,End of Watch,2012,https://boxd.it/2F5O,3.5
2025-01-21,Oppenheimer,2023,https://boxd.it/wUow,4.5
2025-01-22,Zoolander,2001,https://boxd.it/1YMA,4.5
2025-01-26,Incendies,2010,https://boxd.it/Msm,4.5
2025-01-26,Prisoners,2013,https://boxd.it/4E5i,5
2025-01-28,Phone Booth,2002,https://boxd.it/285G,3
2025-02-02,Serial Experiments Lain,1998,https://boxd.it/hYQE,2
2025-02-03,I Saw the TV Glow,2024,https://boxd.it/woVe,2.5
2025-02-03,Cria!,1976,https://boxd.it/AoC,4
2025-02-11,Dune,2021,https://boxd.it/fA7G,3
2025-02-17,Die Hard,1988,https://boxd.it/2a7u,3.5
2025-02-22,Scott Pilgrim vs. the World,2010,https://boxd.it/1Aq6,4.5
2025-02-23,Spider-Man: Into the Spider-Verse,2018,https://boxd.it/azpY,4
2025-02-23,Tokyo Godfathers,2003,https://boxd.it/1Qg2,4.5
2025-02-24,The Departed,2006,https://boxd.it/28MA,4.5
2025-03-08,Fury,2014,https://boxd.it/6JwC,1.5
2025-03-10,One Cut of the Dead,2017,https://boxd.it/iAFu,4.5
2025-03-10,"The French Dispatch of the Liberty, Kansas Evening Sun",2021,https://boxd.it/jLP8,4
2025-03-15,The Machinist,2004,https://boxd.it/248c,2.5
2025-03-23,"Crazy, Stupid, Love.",2011,https://boxd.it/D9A,3.5
2025-03-24,Beautiful Boy,2018,https://boxd.it/g76Q,4
2025-03-30,Drive My Car,2021,https://boxd.it/sv94,3
2025-04-06,The Crow,1994,https://boxd.it/1Yxq,4
2025-04-17,JoJo's Bizarre Adventure: Stone Ocean,2021,https://boxd.it/R18q,4.5
2025-04-17,JoJo's Bizarre Adventure: Phantom Blood,2012,https://boxd.it/R17i,3
2025-04-17,JoJo’s Bizarre Adventure: Battle Tendency,2012,https://boxd.it/R17W,4
2025-04-17,JoJo's Bizarre Adventure: Stardust Crusaders,2014,https://boxd.it/R17s,4.5
2025-04-17,JoJo's Bizarre Adventure: Diamond is Unbreakable,2016,https://boxd.it/R186,4
2025-04-17,JoJo's Bizarre Adventure: Golden Wind,2018,https://boxd.it/R18g,4.5
2025-04-17,Exodus,1960,https://boxd.it/27O6,1.5
2025-04-27,Criando ratas,2016,https://boxd.it/fplM,4
2025-04-27,Sonny Boy,2021,https://boxd.it/vYTQ,4.5
2025-04-30,"Good Morning, Vietnam",1987,https://boxd.it/29Aq,3.5
2025-05-06,Little Miss Sunshine,2006,https://boxd.it/29EW,2.5
2025-05-13,The Virgin Suicides,1999,https://boxd.it/28JG,4
2025-05-14,Cyberpunk: Edgerunners,2022,https://boxd.it/COP4,4.5
2025-05-15,Lord of War,2005,https://boxd.it/284y,3.5
2025-05-19,The Colors Within,2024,https://boxd.it/DYEC,1
2025-05-25,Kingdom of Heaven,2005,https://boxd.it/28Gs,4
2025-05-26,Inside Man,2006,https://boxd.it/2auS,3.5
2025-05-27,Punk Love,2006,https://boxd.it/2X5M,3
2025-05-31,Chungking Express,1994,https://boxd.it/1UDa,3.5
2025-05-31,Fallen Angels,1995,https://boxd.it/1UkW,4.5
2025-06-01,Borat: Cultural Learnings of America for Make Benefit Glorious Nation of Kazakhstan,2006,https://boxd.it/2agQ,3
2025-06-03,Malcolm X,1992,https://boxd.it/27WE,4.5
2025-06-11,The Zone of Interest,2023,https://boxd.it/gJsA,1.5
2025-06-12,Mulholland Drive,2001,https://boxd.it/297o,4
2025-06-14,The Man from Earth,2007,https://boxd.it/1Ql2,4.5
2025-06-16,There Will Be Blood,2007,https://boxd.it/20Z2,4
2025-06-16,Millennium Actress,2001,https://boxd.it/1fK0,3
2025-06-20,Project X,2012,https://boxd.it/neO,4
2025-06-23,Elephant,2003,https://boxd.it/287i,0.5
2025-06-25,The Devil's Advocate,1997,https://boxd.it/286k,3.5
2025-07-18,El Bola,2000,https://boxd.it/1flY,4.5
2025-07-18,Snatch,2000,https://boxd.it/2b7U,3.5
2025-07-25,The Pursuit of Happyness,2006,https://boxd.it/28PE,3.5
2025-08-03,Escape Plan,2013,https://boxd.it/3DX2,3.5
2025-08-05,Takopi's Original Sin,2025,https://boxd.it/Wduo,3.5
2025-08-11,All About Lily Chou-Chou,2001,https://boxd.it/1JP0,4.5
2025-08-11,The Perks of Being a Wallflower,2012,https://boxd.it/2ZA8,4
2025-08-14,Warfare,2025,https://boxd.it/LbRo,3.5
2025-08-18,Thief,1981,https://boxd.it/1TEc,3.5
2025-08-21,Raging Bull,1980,https://boxd.it/28yI,3
2025-08-22,Falling Down,1993,https://boxd.it/194M,1
2025-08-29,Dead Poets Society,1989,https://boxd.it/2aSg,3
2025-09-02,Eyes Wide Shut,1999,https://boxd.it/2axs,4
2025-09-15,Stand by Me,1986,https://boxd.it/2aOe,3
2025-09-18,Green Book,2018,https://boxd.it/hErk,4.5
2025-09-20,Trainspotting,1996,https://boxd.it/29XY,5
2025-09-23,Thesis,1996,https://boxd.it/1Z1U,4
2025-09-25,Pride & Prejudice,2005,https://boxd.it/24u8,4
2025-09-27,Ocean's Eleven,2001,https://boxd.it/2aZm,4
2025-09-27,Manchester by the Sea,2016,https://boxd.it/b2L0,4.5
2025-09-28,BlacKkKlansman,2018,https://boxd.it/hxL8,3.5
2025-09-29,10 Things I Hate About You,1999,https://boxd.it/23AO,3.5
2025-10-02,Akira,1988,https://boxd.it/2b1i,4.5
2025-10-02,T2 Trainspotting,2017,https://boxd.it/5vTA,4
2025-10-10,Before Sunrise,1995,https://boxd.it/2bcU,4
2025-10-14,The Big Short,2015,https://boxd.it/ajZw,4
2025-10-19,Cure,1997,https://boxd.it/1blA,4.5
2025-10-21,"Night Is Short, Walk On Girl",2017,https://boxd.it/ffwA,4.5
2025-10-25,The Texas Chain Saw Massacre,1974,https://boxd.it/1lcS,4
2025-10-27,Okja,2017,https://boxd.it/dvXe,3.5
2025-11-02,Kill Bill: Vol. 1,2003,https://boxd.it/70w,5
2025-11-03,Kill Bill: Vol. 2,2004,https://boxd.it/2au4,4
2025-11-06,How to Make Millions Before Grandma Dies,2024,https://boxd.it/FLa4,3.5
2025-11-13,Jaws,1975,https://boxd.it/2a5e,4
2025-11-16,The Godfather Part II,1974,https://boxd.it/2aNq,3.5
2025-11-19,The Darjeeling Limited,2007,https://boxd.it/24as,4.5
2025-11-19,Isle of Dogs,2018,https://boxd.it/dZrW,4.5
2025-11-20,Volver,2006,https://boxd.it/2aQO,4
2025-11-24,Shaun of the Dead,2004,https://boxd.it/29J8,3
2025-11-28,Lessons of Darkness,1992,https://boxd.it/x7I,4
2025-11-30,Frankenstein,2025,https://boxd.it/Ecsg,2.5
2025-12-03,The Lost Chapter: Yuki's Revenge,2025,https://boxd.it/ZbLe,1
2025-12-07,Mystic River,2003,https://boxd.it/2aAG,4
2025-12-11,The Prestige,2006,https://boxd.it/293w,4.5
2025-12-16,Women on the Verge of a Nervous Breakdown,1988,https://boxd.it/24GI,3.5
2025-12-18,Wake Up Dead Man,2025,https://boxd.it/uAKS,4
2025-12-22,Torrente: The Dumb Arm of the Law,1998,https://boxd.it/28Wg,4.5
2026-01-04,Rushmore,1998,https://boxd.it/1TAO,4.5
2026-01-16,The Endless Trench,2019,https://boxd.it/jO0M,4.5
2026-01-18,Chainsaw Man,2022,https://boxd.it/J6t8,3.5
2026-01-22,The Tatami Galaxy,2010,https://boxd.it/oL50,3.5
2026-01-23,The Great Gatsby,2013,https://boxd.it/JY,2.5
2026-01-29,Tatsuki Fujimoto 17-26,2025,https://boxd.it/YcZ0,3.5
2026-01-29,Chainsaw Man – The Movie: Reze Arc,2025,https://boxd.it/Kgyu,4
2026-02-04,100 METERS,2025,https://boxd.it/NpbA,4
2026-02-04,Look Back,2024,https://boxd.it/LjA6,4.5
2026-02-05,Another Round,2020,https://boxd.it/lkba,3
2026-02-09,The Royal Tenenbaums,2001,https://boxd.it/1YHU,4
2026-02-23,Normal People,2020,https://boxd.it/q2VY,4
2026-02-25,Torrente 2: Mission in Marbella,2001,https://boxd.it/28W6,3
2026-02-25,Torrente 3: The Protector,2005,https://boxd.it/28VW,3.5
2026-02-26,Past Lives,2023,https://boxd.it/oNB8,4
2026-02-28,Hamnet,2025,https://boxd.it/woVy,3
2026-03-01,Blood Diamond,2006,https://boxd.it/28Tm,2
2026-03-04,Demolition,2015,https://boxd.it/9GuY,4
2026-03-06,Hacksaw Ridge,2016,https://boxd.it/azew,1.5
2026-03-08,The Hunt,2012,https://boxd.it/3wEC,4.5
2026-03-09,EVANGELION 30th Anniversary Special Screening,2026,https://boxd.it/ZDrm,3
2026-03-10,No Other Choice,2025,https://boxd.it/nKiA,4.5
2026-03-13,Mind Game,2004,https://boxd.it/1Bv2,3.5
2026-03-15,Torrente 4: Lethal crisis,2011,https://boxd.it/iPg,2.5
2026-03-18,Aftersun,2022,https://boxd.it/Arw0,4.5
2026-03-18,The First Slam Dunk,2022,https://boxd.it/tt94,4
2026-03-18,The Whale,2022,https://boxd.it/tw4c,4
2026-03-20,Mirai,2018,https://boxd.it/h2Hu,2.5
2026-03-22,Brokeback Mountain,2005,https://boxd.it/2b2q,4
2026-03-24,Torrente 5: Operation Eurovegas,2014,https://boxd.it/7uSK,1
2026-03-28,Torrente for President,2026,https://boxd.it/KduE,2.5
2026-03-29,F1,2025,https://boxd.it/yjVM,4.5
2026-04-01,Back to the Future,1985,https://boxd.it/2b8e,3.5
2026-04-02,FLCL,2000,https://boxd.it/bWtG,4
2026-04-07,Y Tu Mamá También,2001,https://boxd.it/28QM,4.5
2026-04-07,Perfect Days,2023,https://boxd.it/ATh8,4
2026-04-09,The Day of the Beast,1995,https://boxd.it/1Vyg,4.5
2026-04-13,Fargo,1996,https://boxd.it/2aHM,4
2026-04-20,Forget Me Not,2015,https://boxd.it/b0Uk,4.5
2026-04-21,Fear and Loathing in Las Vegas,1998,https://boxd.it/27Xs,4.5
2026-04-24,ERASED,2016,https://boxd.it/px1A,3
2026-04-25,Project Hail Mary,2026,https://boxd.it/pEeQ,4.5
2026-04-26,One Battle After Another,2025,https://boxd.it/DUHM,4
2026-04-26,20th Century Girl,2022,https://boxd.it/w9ea,2
2026-04-29,Buried,2010,https://boxd.it/1tXC,2.5
2026-05-02,Serpico,1973,https://boxd.it/1ZjE,3.5
2026-05-02,Watching the Detectives,2007,https://boxd.it/1B3i,4
2026-05-02,Oldboy,2003,https://boxd.it/29R2,4.5
2026-05-03,Full Metal Jacket,1987,https://boxd.it/2a1Q,3
2026-05-04,5 Centimeters per Second,2007,https://boxd.it/16G4,1.5
2026-05-07,The Time That Remains,2009,https://boxd.it/QP0,3.5
2026-05-08,Ritual,2000,https://boxd.it/14z6,4.5
2026-05-23,Sinners,2025,https://boxd.it/KQMM,3
2026-05-24,Five Nights at Freddy's 2,2025,https://boxd.it/KEvY,2.5
2026-05-24,The Super Mario Bros. Movie,2023,https://boxd.it/i8C8,3.5
2026-05-24,The Super Mario Galaxy Movie,2026,https://boxd.it/KzPa,5
2026-05-25,Marty Supreme,2025,https://boxd.it/Off0,4.5
2026-05-29,Memoirs of a Geisha,2005,https://boxd.it/27TA,3
2026-06-01,Children of Men,2006,https://boxd.it/1Y2i,4.5
2026-06-02,Everything Everywhere All at Once,2022,https://boxd.it/jUk4,4
2026-06-04,Mickey 17,2025,https://boxd.it/q1Dk,4.5
2026-06-08,Rango,2011,https://boxd.it/QPk,4
2026-06-09,Barrio,1998,https://boxd.it/1hGY,4
2026-06-15,Rafa,2026,https://boxd.it/13GCq,4
2026-06-20,Jojo Rabbit,2019,https://boxd.it/iEBG,3.5
2026-06-21,The Amazing Digital Circus: The Last Act,2026,https://boxd.it/12cku,3
2026-06-28,Sicario,2015,https://boxd.it/8i7u,3
2026-06-29,La absoluta,2022,https://boxd.it/DGLq,3.5
2026-07-01,Juno,2007,https://boxd.it/210a,4
2026-07-02,12 Angry Men,1957,https://boxd.it/2auI,4.5
2026-07-08,Léon: The Professional,1994,https://boxd.it/2b8S,4
2026-07-13,The Phoenician Scheme,2025,https://boxd.it/H0Ca,4.5
2026-07-15,Cool Hand Luke,1967,https://boxd.it/29jY,4
2026-07-17,High and Low,1963,https://boxd.it/1RSc,4
2026-07-18,Superman,2025,https://boxd.it/E9IU,4.5
2026-07-21,The Deer Hunter,1978,https://boxd.it/1T6O,3
2026-07-21,mid90s,2018,https://boxd.it/fxIa,3.5
2026-07-21,Companion,2025,https://boxd.it/F04o,4.5
2026-07-23,Sing Street,2016,https://boxd.it/cOo6,3.5
2026-07-27,Your Name.,2016,https://boxd.it/cUqs,4.5
2026-07-28,In Whose Name?,2025,https://boxd.it/R9Sm,3
2026-08-04,The Odyssey,2026,https://boxd.it/QFQU,4
2026-08-05,Bullet Train,2022,https://boxd.it/qW26,3
2026-08-05,Pearl,2022,https://boxd.it/zPbe,3.5
2026-08-14,Bridge to Terabithia,2007,https://boxd.it/28YG,2
2026-08-17,Before Sunset,2004,https://boxd.it/2bcg,4
2026-08-17,The Damned United,2009,https://boxd.it/1ByU,4
2026-08-18,A Minecraft Movie,2025,https://boxd.it/zRro,1.5
2026-08-20,A Real Pain,2024,https://boxd.it/CjNG,3.5
2026-08-23,Steins;Gate,2011,https://boxd.it/psNE,3.5
2026-08-23,Steins;Gate: The Movie - Load Region of Déjà Vu,2013,https://boxd.it/6FF6,3.5
