Date,Name,Year,Letterboxd URI,Rating,Rewatch,Review,Tags,Watched Date
2024-03-31,Superbad,2007,https://boxd.it/6aIS6j,4,Yes,Mclovin,,2024-03-30
2024-03-31,Lightyear,2022,https://boxd.it/6aIVyb,2.5,Yes,Mediocre,,2024-03-30
2024-03-31,Memento,2000,https://boxd.it/6aJw1j,4.5,Yes,Me duele la cabeza,,2024-03-30
2024-03-31,Scarface,1983,https://boxd.it/6aJAEJ,3.5,Yes,Esta bastante overrated,,2024-03-30
2024-03-31,Shutter Island,2010,https://boxd.it/6aJBF9,5,Yes,peak,,2024-03-30
2024-03-31,American History X,1998,https://boxd.it/6aJDw9,4.5,Yes,dura de puto cojones,,2024-03-30
2024-03-31,La Haine,1995,https://boxd.it/6aJU9h,5,Yes,"Esta es la película es la de las que he visto la que mejor gestiona la tensión del espectador. Durante toda la película estas en tensión, crees que va a acabar mal pero sale el sol, se despiden, se piran para casa y cuando no te lo esperas acaba mal. 10/10",,2024-03-30
2024-03-31,City of God,2002,https://boxd.it/6aKaQV,5,,"Joder, no sabía que una obra audiovisual te podía deja tan lleno en tan poco tiempo. 10/10",,2024-03-30
2024-03-31,Princess Mononoke,1997,https://boxd.it/6aO9Pb,5,Yes,peak,,2024-03-31
2024-03-31,My Neighbor Totoro,1988,https://boxd.it/6aObv3,4.5,,Literal la definición de felicidad. Me he pasado toda la película con una sonrisa en la cara.,,2024-03-31
2024-04-26,Porco Rosso,1992,https://boxd.it/6lskUr,4.5,,"No se como pero todas las películas de studio ghibli me las veo todo el rato con una sonrisa en la cara de oreja a oreja, simplemente perfecta.",,2024-04-25
2024-04-27,Howl's Moving Castle,2004,https://boxd.it/6lTEbl,5,,Esta es de las mejores películas jamás hechas no?,,2024-04-27
2024-04-29,Kiki's Delivery Service,1989,https://boxd.it/6mEeal,3.5,,Yo también quiero un gato que hable,,2024-04-28
2024-04-29,Whisper of the Heart,1995,https://boxd.it/6mREgZ,4,,"Los de Studio Ghibli son unos genios, no sé como lo hacen pero todas sus películas me llegan al corazón de una forma que ningún otro estudio o director puede hacer.
Al ver el poster de la peli me imaginaba que iba a ser una aventura fantástica donde el gato iba ha hacer de guía pero me he terminado tragando una de las películas de amor mas bonitas que he visto nunca.",,2024-04-28
2024-04-30,Nausicaä of the Valley of the Wind,1984,https://boxd.it/6nxu3P,4,,"Dios menuda película, ahora me siento mal por las moscas arañas y avispas que he matado.",,2024-04-30
2024-05-02,The Wind Rises,2013,https://boxd.it/6oav2r,3.5,,"La película me ha encantado, me encanta la historia, la motivación ciega de jiro, el amor trágico por el que pasan y el mensaje final también me ha encantado. Pero la película me ha dejado algo en conflicto.

Durante toda la película se da el mensaje de que aunque crear aviones sea algo fantástico siempre serán usados para la guerra, y que los propios ingenieros que diseñaban los aviones no tenían la culpa ya que ellos solo querían mejorar sus diseños. Esto no tiene ningún sentido, ¿Osea me estas diciendo que solo querías crear mejores aviones sin causar daño a nadie aunque estés creando  jodidos bombarderos y cazas para alimentar el imperialismo japonés?
La peli en general tiene un regustillo a orgullo japonés de ""ohhh somos muy pobres pero logramos avanzar en 10 años lo que los alemanes hicieron en 20"" un poco rarete.

Esto no quita que sea un peliculón, pero si te das cuenta de esto, te deja con algo de mal sabor de boca. Sin imperialismo japonés hubiera sido un 9/10. Miyazaki no defrauda.",,2024-05-02
2024-05-05,Heat,1995,https://boxd.it/6ptFTH,4,,Dad film final boss,,2024-05-05
2024-05-14,When Marnie Was There,2014,https://boxd.it/6tc3KJ,4.5,,"Más o menos por la mitad de la peli me estaba preguntando todas las preguntas posibles ¿Por qué Ana no se quería? ¿Por qué Marnie aparecía y desaparecia? ¿Quien era Marnie? ¿Si se gustaban? Pero en la ultima media hora todas las preguntas se me han resuelto y el ritmo de como resuelven y enlazan las preguntas es perfecto.
Pocas películas me hacen llorar de felicidad pero está ha sido una de las que lo ha conseguido.",,2024-05-14
2024-05-16,Mortadelo & Filemon: Mission Implausible,2014,https://boxd.it/6u4uaB,4.5,,cine 🚬🚬🚬,,2024-05-16
2024-05-17,The Tale of The Princess Kaguya,2013,https://boxd.it/6ufL6D,1.5,,"Llevo un tiempo viéndome toda la filmografía de Studio Ghibli y llevaba un tiempo esperando el momento perfecto para ver esta peli ya que había oído hablar muy bien de ella, y de que es una de la mejores película de animación jamás hechas.

Pero esta de las pelis de Studio Ghibli que me he visto esta es con la que menos he conectado de todas. Puede ser por que no he tenido aun hijos, porque me falta campo, por que tengo la cabeza en otras cosas y soy tio o porque no es la cultura en la que me he criado. Pero francamente el segundo acto en el que está la mansión me ha parecido aburrido y algo pesado. Y sinceramente no he conseguido conectar ni con los temas de la peli ni con las frustraciones de la princesa Kaguya en ningún momento.

Merecerá un revisita cuando hayan pasado unos años y haya madurado algo pero de momento no ha igualado las expectativas que tenía y lo bien que se hablaba de esta peli.",,2024-05-17
2024-05-19,Grave of the Fireflies,1988,https://boxd.it/6uZv2d,4,,"""Setsuko no volvió a abrir los ojos""

Creo que no he visto nunca un película que haya hecho llorar mas que esta en la vida. 
Durante la parte del principio y del final he estado todo el rato luchando conmigo mismo por no romper a llorar pero es que las circunstancias en las que se encontraban los hermanos son tan reales que me han desgarrado el corazón.

Una obra maestra pero no quiero volverla a ver :(",,2024-05-19
2024-05-22,The Cat Returns,2002,https://boxd.it/6wdSyt,3,,"Mola que hicieran una peli sobre el barón de Susurros del corazón pero es de lo mas mediocre de Studio Ghibli.
La peli cumple su función ser una historia corta y divertida sobre gatos pero el doblaje en español es malo, me hacía reír  y me daba cringe a tiempos iguales.
Pero aun así es Studio Ghibli entonces es jodidamente buena",,2024-05-21
2024-05-23,From Up on Poppy Hill,2011,https://boxd.it/6wFCOh,4,,"Me ha molado muchísimo. La música es buena, el ritmo es bueno, me ha tenido sonriendo todo el rato y aunque la trama haya estado a punto de convertirse en algo raro esta guapa de cojones.",,2024-05-23
2024-05-27,Good Will Hunting,1997,https://boxd.it/6y90sL,4,,No es tu culpa,,2024-05-26
2024-05-28,Ocean Waves,1993,https://boxd.it/6yLOFL,3.5,,Una historia simple y corta en la que no ocurre nada pero la he disfrutado muchísimo.,,2024-05-27
2024-05-29,Your Name.,2016,https://boxd.it/6zhPTX,4.5,,"Lo único que no me ha molado de la peli es la sexualización aleatoria de la prota. Pero por lo demás la peli es una joya.
Estoy algo insatisfecho porque no ha conseguido hacerme derramar ninguna lagrima aunque debería haberlo hecho siendo el tema principal de los últimos 30 minutos el de tratar de recordar una vida pasada y a una persona que quieres cuando estas al borde de la muerte, y bueno también el JODIDO METERIOTO QUE VA CAER EN CUALQUIER MOMENTO.",,2024-05-29
2024-06-04,Memories of Murder,2003,https://boxd.it/6BID7T,3,,"Sinceramente no entiendo el hype de esta peli. El que trate un tema tan serio como el abuso policial y la violencia de género, y cada 20 minutos haya una patada voladora no son cosas compatibles. En la primera mitad no sabía que intentaba ser la peli si algo serio o algo para echarse una risa y eso no me ha tenido dudando un buen rato hasta que por fin se ha decido. Luego también el final me ha parecido mediocre, como que no ha cerrado bien la historia. Aunque por lo menos me he reído un rato",,2024-06-03
2024-06-06,Get Out,2017,https://boxd.it/6CwbLL,4.5,,"REMATALO REMATALO REMATALO

REMATALA REMATALA REMATALA",,2024-06-06
2024-06-10,Wolf Children,2012,https://boxd.it/6E0yd7,4,,Por que es tan buena la jodida propaganda furry,,2024-06-09
2024-06-12,Weathering with You,2019,https://boxd.it/6EX4s5,3,,"La peli esta bien y la animación siendo shinkai es de lo mejor que hay, pero.
Porque las pelis de este colega son todas iguales y como pretende justificar el desplazamiento de millones de personas solo para que los dos protas acaben juntos.",,2024-06-12
2024-06-15,Tales from Earthsea,2006,https://boxd.it/6FSg0L,1.5,,"La peli no sigue los tópicos normales de Ghibli, la estructura de la trama es una cosa mucho más simple y plana de lo que estoy acostumbrado de ver en ghibli y los personajes tiene menos desarrollo y son mas cliché. Pero esto no quita que la película no sea divertida con una animación hermosa y una atmósfera y universo muy buenos pero no se explica nada de ellos y aunque se explicasen no ayudaría.

A primera vista no hay nada malo pero en el momento en el que te empieces ha hacerte un par de preguntas la trama se cae a pedazos: ¿Para que sirven los esclavos? ¿Porqué el mundo se muere? ¿Por qué el archimago de repente no puede usar su magia? ¿Porqué el prota mata a su padre? ¿Porqué la tia es un jodido dragón y no lo muestra hasta el último segundo?

Los primeros 40 minutos son super disfrutables pero el villano plano, los agujeros en trama y el que el tema principal sea muy muy muy poco original, hacen que la peli no merezca el tiempo de nadie.",,2024-06-14
2024-06-18,The Hateful Eight,2015,https://boxd.it/6HcZed,4.5,,Y ENTONCES LE METÍ MI ENORME POLLA NEGRA,,2024-06-17
2024-06-22,Reservoir Dogs,1992,https://boxd.it/6IKoyR,4,Yes,Rewatch en inglés y con el contexto de que era la primera peli de Tarantino sin casi ningún presupuesto y sin ningún tipo de educación en como crear un guion y de como grabar y editar una peli y vuelvo a decir que sigue siendo la polla esta peli. La tienes que ver en inglés y tienes que saber algo de como es la cultura americana para pillar los chistes pero si sabes eso te descojonas durante 2 horas malas.,,2024-06-22
2024-06-24,Earwig and the Witch,2020,https://boxd.it/6JzLD3,0.5,,"Que asco de peli socio ya sabía que era la más mala de ghibli pero esto es otro nivel, no hay nada que se pueda considerar salvable.
La música es una mierda la animación es una basura las expresiones faciales dan asco y los personajes son los más odiables que he visto nunca y bueno todo lo demás como mucho llega al 2/10. 

Que hora mas de puta mierda he pasado",,2024-06-23
2024-06-25,Pom Poko,1994,https://boxd.it/6K04Eh,3.5,,"Increíble. ETA mapechil, Carrero blanco mapechil y la GAL antimapechil en la misma peli",,2024-06-24
2024-06-26,Athena,2022,https://boxd.it/6KkTr9,3.5,,"Película increíble a nivel técnico y visual, pero con una trama algo mediocre y corta, que no te permite simpatizar con los personajes, con giros algo aleatorios y con algunos agujeros argumentales.

Pero en general es muy disfrutable y de las pelis más guapas técnicamente y visualmente que he visto nunca. Pero la ultima escena arruina la película no comprometiéndose al punto de vista político que la peli llevaba casi 2 horas preparando.",,2024-06-25
2024-06-30,Belle,2021,https://boxd.it/6LW8Wf,4.5,,"Nunca he dicho tantas veces en tan poco tiempo ""madre mia"", ""como mola"" y ""dios"".

El mundo mola una barbaridad los personajes son guapísimos la animación es de la mejor que he visto nunca y aunque la forma de resolver la trama haya sido un poco forzada todo encaja perfectamente, menudo peliculón.",,2024-06-30
2024-07-04,Schindler's List,1993,https://boxd.it/6Nye4D,4.5,,"3 horas y cuarto de peli y estado las 3 con los ojos pegados a la pantalla, no he cogido el móvil, no me he levantado del sofá, no he tomado merienda, no he bebido agua.
Guión perfecto.",,2024-07-03
2024-07-16,The Boy and the Heron,2023,https://boxd.it/6T35OJ,3.5,,"Increíble visualmente, con una música sobresaliente como ya es tradición y una trama super disfrutable aunque algo rara.

El chico y la garza es una película increíble que fue producida en unas circunstancias algo raras. La peli es una semi biografía del propio Hayao Miyazaki que tras ver como su hijo arruinaba el estudio decidió salir de la jubilación y hacer la que iba a ser su última obra. 
Esta peli fue creada en las condiciones perfectas, tras un descanso de casi 10 años y todo con fondos del propio estudio, es decir sin ningún productor poniendo deadlines arbitrarios, sin crunch y sin ser el fin último generar dinero, solo crear una obra que llene a la gente.

La peli no ha terminado de funcionar para mi pero es de lo mejorcito que tiene Studio Ghibli pero estos años de ausencia por parte de Miyazaki han hecho que la dinámica de Ghibli cambie muy notablemente hasta el punto que no parece una peli de Ghibli: el estilo de la animación se asemeja mas a Evangelion que a un peli de ghibli cosa que no es mala en sí pero hace que pierda algo de la magia, no estan presentes los tópicos que reinan en todas las pelis de ghibli como el pacifismo y la preservación de la naturaleza y la historia sigue una estructura clásica de 3 actos cosa que tampoco esta mal en sí pero muy pocas pelis de Ghibli siguen una estructura tradicional a la hora de conducir la trama lo que hace que parezca fuera de lugar.
La peli es brutal pero no tiene la magia que hace destacar a las pelis de Studio Ghibli y sobre todo las dirigidas y escritas por Miyazaki.

Miyazaki dice que quiere seguir haciendo pelis a sus 83 años, que no puede dejar el curro pero creo que esta peli marca el fin de una era en la cual las películas que hacían definían generaciones enteras. Pero a Miyazaki no creo que a el le queden muchas fuerzas como mantener el mismo nivel de calidad, estrés y de estar pendiente a todos los detalles como antes estaba. Luego después de su inevitable retiro los integrantes mas jóvenes del estudio han demostrado que no pueden acercarse a la genialidad de Miyazaki y Takahata si no estan estos supervisando el proyecto lo cuál me hace dudar de la dirección que tomará el estudio una vez Miyazaki deje de ser la cabeza creativa de este.

No falta mucho para que el estudio se disuelva pero la filmografía que han dejado es absolutamente legendaria y espero estarme equivocando en la parrafada que he puesto antes pero me da que esta peli marcará el fin de Ghibli.

25/25",,2024-07-16
2024-07-18,Rocky,1976,https://boxd.it/6TVlrz,4,,Si no hubiese entrenado con las converse rocky habría ganado 100%,,2024-07-18
2024-07-26,The World is Ours,2012,https://boxd.it/6Xz1w7,4,,"Las personas gay también son seres vivos, yo tengo muchos amigos gays",,2024-07-26
2024-08-14,Men in Black,1997,https://boxd.it/75Jwf9,3,,El diclive del hormiguero empezó con el despido del hombre de negro y cuando quitaron la canción del pipí 😔😔😔,,2024-08-13
2024-08-14,Forrest Gump,1994,https://boxd.it/75Vkj3,5,,"Increíble en todos los aspectos, no entiendo como hay gente que pueda odiar esta peli",,2024-08-14
2024-08-18,The Game,1997,https://boxd.it/77GrMz,3.5,,Increíble que me haya gustado una peli de ricos asquerosamente ricos donde no mueran o se queden sin dinero,,2024-08-17
2024-08-21,Neon Genesis Evangelion,1995,https://boxd.it/798dZp,4.5,,MADRE MIA MENUDOS 6 ÚLTIMOS EPISODIOS QUE LOCURA Y DIOS QUE COÑO ES ESE FINAL VOY A VERME AHORA LA PELI Q ME FALTA COMO LA RESOLUCIÓN DE LA TRAMA SEA QUE ESTABA EN COMA O ALGUNA MIERDA ASÍ ME PEGO UN TIRO EN LOS COJONES,,2024-08-20
2024-08-21,Neon Genesis Evangelion: The End of Evangelion,1997,https://boxd.it/79cm4b,5,,–Que asco.,,2024-08-20
2024-08-22,Neon Genesis Evangelion: The End of Evangelion,1997,https://boxd.it/79xgdt,5,Yes,Estoy roto,,2024-08-21
2024-08-23,Evangelion: 1.0 You Are (Not) Alone,2007,https://boxd.it/79YbSb,2.5,,"Pierde muchísimo en sustancia, estilo y encanto",,2024-08-22
2024-08-27,Evangelion: 3.0 You Can (Not) Redo,2012,https://boxd.it/7bTTdT,2.5,,"sisi la animación y las peleas son espectaculares pero los personajes son una mierda comparado con el original, excepto shinji todos son perfectos y no lidian con ningún problema y son mas planos que una hoja de papel, sobre todo mari y kowaru que igual en el orginal esta metido con calzador pero es que aquí además lo hace sin aportar nada a la trama. Muy muy bien lo tienen que hacer en la cuarta para que el rebuild me llegue a molar pero de momento me esta decepcionando un monton.",,2024-08-26
2024-08-27,Evangelion: 3.0+1.0 Thrice Upon a Time,2021,https://boxd.it/7bYIvH,4,,"No me ha destrozado tanto como el final de evengalion ni me ha dejado tan impresionado y rallado como el episodio 25 y 26 pero es un final bueno aunque algo medicore para evangelion.

Tenía muy poca fe en que me molase esta peli pq las otras 3 del rebuild me parecieron bastante malas ya que estaba esperando otra vez temas de dread existencial, de aceptarse a si mismo y de querer ser aceptado por los demás que fue lo que me más me encantó de del original, pero la ejecución de esta peli es durísima, por fin se le dan algo de profundidad a los personajes, con un estilo artístico que me parece inferior al de EoE pero que esta genialmente ejecutado y con una trama que a mi parecer tiene menos sustancia pero dándonos por fin un final convencional a Evangelion.",,2024-08-26
2024-09-01,About Time,2013,https://boxd.it/7edBHJ,4.5,,"Que rabia la primera mitad
Que cosa mas bonita hermosa y demoledora la segunda mitad",,2024-09-01
2024-09-22,(500) Days of Summer,2009,https://boxd.it/7nAmP1,4.5,,"El humano nace bueno
Es un casi algo quien lo corrompe😔😔",,2024-09-21
2024-09-23,Paprika,2006,https://boxd.it/7oagv7,4,,"El soundtrack duro

Y la peli tb",,2024-09-23
2024-10-20,Ford v Ferrari,2019,https://boxd.it/7AVP19,4,,La peli mola una barbaridad pero es la polla que el fundamento de toda la trama sea el gigante y fragilísimo ego del hijo de puta de Ford.,,2024-10-20
2024-10-23,The Social Network,2010,https://boxd.it/7CyFlF,3.5,,"Los diálogos, la actuación y la cinematografía es durísima pero no me consiguió atrapar y hacer que no me pelase el que le manipulase el de napster.",,2024-10-23
2024-10-25,The Usual Suspects,1995,https://boxd.it/7DmNIH,4,,keyser söze son los padres,,2024-10-24
2024-10-27,Exodus,1960,https://boxd.it/7EwYS3,2,,"Mas que una película de 3 horas y media son 3 historias completamente desconectadas una de la otra de una hora y media pero con los mismos personajes. Y sinceramente de los 3 actos el único que merece ver es el primero. 
La peli es extremadamente lenta y hay pocas veces en la que de verdad se pone interesante la peli y la peli conforme va pasando el tiempo se pone peor además el final es agrio agrio no transmitiendo ningún tipo de mensaje solo árabes=malos, pero me ha gustado muchísimo el primer acto y el asalto a la prisión también me ha molado.
En general esta bien para verla una vez y aprender un poco de la caída del imperio otomano, el neocolonialismo británico y la creación de Israel aunque la peli entera sea propaganda sionista. Pero la verdad que la mitad del segundo acto y todo el tercero se lo podrían haber ahorrado.",,2024-10-27
2024-11-03,Us and Them,2018,https://boxd.it/7ImfEr,5,,Me ha roto,,2024-11-03
2024-11-09,Look Back,2024,https://boxd.it/7LcPzT,4,,"Joder, los 50 minutos mas conmovedores que he tenido en mucho tiempo",,2024-11-09
2024-11-28,A Silent Voice: The Movie,2016,https://boxd.it/7USKtB,4.5,,"Moraleja, haz el mayor bullying posible siempre",,2024-11-28
2024-12-23,The Girl Who Leapt Through Time,2006,https://boxd.it/880zQn,4,,Mamoru Hosoda es un genio,,2024-12-22
2024-12-27,Cowboy Bebop: The Movie,2001,https://boxd.it/8b0tPZ,4,,"Simplemente pasar mas tiempo con estos personajes justifica la existencia de esta peli. Pero además como bonus te comes una peli super entretenida y con un estilo incluso mejor que el de la serie original. Con personajes mas refinados que en los episodios normales y temas mucho mas serios y maduros.

Una forma increíble de cerrar esta gran serie.",,2024-12-26
2024-12-28,Eternal Sunshine of the Spotless Mind,2004,https://boxd.it/8c1HPl,4.5,,Ojalá haberme quedado,,2024-12-27
2024-12-30,Summer Wars,2009,https://boxd.it/8dJ0rR,3.5,,takashi murakami,,2024-12-29
2024-12-31,RRR,2022,https://boxd.it/8eTQud,4.5,,"Que jartada de reir
La peli india más india que existe",,2024-12-31
2025-01-04,Liz and the Blue Bird,2018,https://boxd.it/8ihmXp,1.5,,"Flojilla la peli.
La película es lenta e innecesariamente larga y los personajes son mas planos que una hoja de papel, sobre todo la prota. Además de que el final es super agrio, entiendo la inversión de roles, entiendo el significado de que ha veces amar es dejar ir, pero ¿Por qué nozomi después de que Mizore se habrá como un libro y confiese todos los sentimientos que tenía hacia ella actúa como si nada hubiese pasado? ¿Y luego la prota no se ralla con la reacción de mierda que tuvo la otra?

No se a mi me pareció aburrida y no conecté en ningún punto con la peli.",,2025-01-03
2025-01-07,Saltburn,2023,https://boxd.it/8lWb1t,3.5,,Familia de sociopatas vs male manipulator final boss ,,2025-01-06
2025-01-21,End of Watch,2012,https://boxd.it/8ytXBD,3.5,,"Americanada gorda y super divertida hasta la parte del tiroteo final, la interpretación carrea esta peli duro.",,2025-01-20
2025-01-22,Zoolander,2001,https://boxd.it/8zcTLf,4.5,,Este es el pico la humanidad nunca va ha hacer algo mejor que esto,,2025-01-21
2025-01-28,Phone Booth,2002,https://boxd.it/8DV90D,3,,Nardwuar era el que llamaba,,2025-01-27
2025-02-01,Serial Experiments Lain,1998,https://boxd.it/8GAnMV,2.5,,raro de cojones,,2025-01-31
2025-02-03,I Saw the TV Glow,2024,https://boxd.it/8I7ykt,2.5,,"No entiendo esta peli. Colores duros, dirección dura pero no entiendo porque tiene tanto hype",,2025-02-02
2025-02-22,Scott Pilgrim vs. the World,2010,https://boxd.it/8UynF3,4.5,,Película favorita de los putísimos pringados raros fracasados hijos de puta,,2025-02-21
2025-02-23,Tokyo Godfathers,2003,https://boxd.it/8VdNdV,4.5,,Noche promedio del trio gorda borracho travesti,,2025-02-22
2025-03-08,Fury,2014,https://boxd.it/93tmp5,1.5,,quien me devuelve mis 2 horas,,2025-03-07
2025-03-15,The Machinist,2004,https://boxd.it/97PoiZ,2.5,,Mi color favorito GRIS,,2025-03-14
2025-03-24,Beautiful Boy,2018,https://boxd.it/9dmPw1,4,,Jodida,,2025-03-23
2025-04-17,JoJo's Bizarre Adventure: Stone Ocean,2021,https://boxd.it/9qEQHH,4.5,,"El final es cine
funny valentine vamos a por ti",,2025-04-17
2025-04-24,Sonny Boy,2021,https://boxd.it/9vbNIJ,4,,"Buah me ha encantado, 0 continuidad y un estilo guapísimo donde la  mayor parte del tiempo no hay música, no hay efectos de sonido solo el diálogo de los personajes hablando de lo perdido que puedes estar siendo un adolescente.
Este anime me ha encantado pero la parte donde a flojeado a mi es en la mitad donde los episodios estaban unos completamente desconectados con los otros y en los personajes secundarios. El pavo que no parpadeaba parecía un antagonista desde el principio y en un capítulo se pira y ya. Y luego la profesora que entra en la historia por la cara con una raja super innecesaria, luego se deja caer que es una alumna pero nunca se expande ese personaje y te quedas con un personaje incompleto que parece metido con calzador.
Pero por lo general el mundo mola mucho los temas la forma en la que aplaca aunq de forma super indirecta, el estilo es la poya y el final es perfecto.

Necesito que marine un poco en mi cabeza por que siento que hay muchas cosas que no he pillado por la poca linealidad que hay pero mis dieces.",,2025-04-23
2025-04-28,Sonny Boy,2021,https://boxd.it/9xwraP,4.5,Yes,"Vale después de un rewatch creo que ya medio pillo esta serie.

Sonny Boy es un anime que requiere del 100x100 de tu atención. Todos los capítulos están cargados temáticamente pero a diferencia de otros animes es todo muy sutil. No hay monologo interno explicándote todo lo que piensa el personaje, no hay ni siquiera música la mayoría de las veces que te de pistas de que significa X dialogo.
La trama principal pese a su nula continuidad es muy fácil de seguir unos chavales, tratando de salir del mundo ese, el crecimiento del prota y la transición de ser un ""girasol"" a una ""flor de león"". Pero todo lo demás por lo sutil que es queda a la interpretación del espectador y eso es lo que hace este anime tan guay.

Como dije en la otra review la serie no tiene problema en ser super dinámica y tener un estilo guapísimo, pero la de verdad que el mundo y los personajes no importan por qué estos se contradicen a si mismos todo el rato.
Donde realmente está la chicha en Sonny Boy es en sus historias desconectadas, en sus metáforas y en como las interpretes puesto que  sonny boy en ningún momento conduce tu pensamiento y aunque te pida un nivel de atención superior a cualquier peli/serie que me haya topado hasta ahora la experiencia es diferente para cada persona y estoy seguro en cada rewatch sacaré conclusiones distintas de cual es el mensaje que intenta transmitir Sonny Boy.",,2025-04-27
2025-04-30,"Good Morning, Vietnam",1987,https://boxd.it/9yD1Wh,4,,"Buah me encanta jimmy que tio mas de puta madre ojala le vaya bien el bar y no tenga mas malos rollos












Vamos no me jodas",,2025-04-29
2025-05-20,The Colors Within,2024,https://boxd.it/9Ke4h5,1,,Hubiera estado mejor si se hubiera mojado un poco con lo del lesbianismo en un entorno católico en vez de obviarlo complemente y no fuese la película mas lenta lenta de la historia donde no hay ningún conflicto y no pasa nada en los 100 eternísimos minutos de duración.,,2025-05-19
2025-05-26,Inside Man,2006,https://boxd.it/9NUhm9,3.5,,"Peliculón de atracar bancos con buenos plot twist, entretenida y con un mensaje relevante, me ha molado.",,2025-05-25
2025-05-27,Punk Love,2006,https://boxd.it/9OBcYt,3.5,,"Algún subnormal ha subido a una página de pelis pirata esta peli con el nombre de Fallen Angels y con el mismo poster que el fallen angels normal, me cago en sus muertos aunque aun así me ha molao",,2025-05-26
2025-05-31,Fallen Angels,1995,https://boxd.it/9R01Z9,4.5,,Me encanta la obsesión de Wong Kar-wai con las piñas caducadas y el allanamiento de morada,,2025-05-30
2025-06-03,Malcolm X,1992,https://boxd.it/9SZCJt,4.5,,"Esta peli debería entrar dentro del plan obligatorio de estudios. Todo el mundo, sin excepción debería verla.",,2025-06-02
2025-06-10,Manchester by the Sea,2016,https://boxd.it/9XBzPP,4.5,,La escena de la casa ardiendo seguido con la escena en la comisaría son los 5 minutos mas desgarradores que he visto nunca en una peli. Imposible no emocionarte viendo esta peli,,2025-06-10
2025-06-11,The Zone of Interest,2023,https://boxd.it/9XMfGb,1.5,,"Entiendo como quiere mostrar el contraste entre la frialdad de la familia alemana viviendo a las afueras de Auschwitz y las atrocidades que se perpetran en los edificios de a lado mediante sonido y algunas pistas contextuales sin enseñárselo directamente al espectador. Y esto lo hace de lujo, pero la falta de un hilo narrativo ha hecho que la peli se me haga un poco pesada y que parezca que están dando vueltas a la misma idea sin evolucionarla ni iteracionarla.

También la fotografía durísima pero no es para mi.",,2025-06-10
2025-06-14,The Man from Earth,2007,https://boxd.it/9Zt2hR,4.5,,Al final las pelis mas guapas van de peña discutiendo en una habitación sin hacer nada,,2025-06-13
2025-06-20,Project X,2012,https://boxd.it/a3nGcV,4,,Dax Flame goat,,2025-06-19
2025-06-23,Elephant,2003,https://boxd.it/a5AXp7,0.5,,"Hay que tener los cojonazos enormes para hacer una peli de un hecho tan horrible y no demonizar de ninguna manera a los que lo hicieron, no mostrar la agonía y desesperación del después. Y encima no meterse en la mente de los que tirotearon la escuela y meterme 60 minutos donde no pasa nada seguido de 20 minutos de los payos tiroteando la escuela pq si, sin ningún tipo de intención mas que el shock factor.",,2025-06-22
2025-07-18,El Bola,2000,https://boxd.it/anbsP1,4.5,,Reviento al padre,,2025-07-17
2025-07-25,The Pursuit of Happyness,2006,https://boxd.it/at7rcN,3.5,,Locura lo de que Will Smith sea un actor de verdad y no sea una cuartada para salir seis mil veces en el hormiguero en los 2010,,2025-07-25
2025-08-11,All About Lily Chou-Chou,2001,https://boxd.it/aGzqjh,4.5,,Que daño me hizo el amino de pequeño,,2025-08-10
2025-09-18,Green Book,2018,https://boxd.it/b6b7nv,4.5,,Primera vez en la vida q mi hermano tiene razón sobre algo,,2025-09-17
2025-10-02,Akira,1988,https://boxd.it/beImYT,4.5,,Madre mia que puta locura madre que locura que locura el putísimo estilo de la peli esta joder que putísima locura madre mia,,2025-10-01
2025-10-20,Everything Everywhere All at Once,2022,https://boxd.it/bqslQF,5,,La mejor película sobre pagar impuestos jamás hecha,,2025-10-19
2025-10-21,"Night Is Short, Walk On Girl",2017,https://boxd.it/braetR,4.5,,Fever dream combined with the warmest hug youve ever gotten. Lowkey peak,,2025-10-20
2025-10-25,The Texas Chain Saw Massacre,1974,https://boxd.it/btz6v9,4,,locura la última media hora,,2025-10-24
2025-11-02,Kill Bill: Vol. 1,2003,https://boxd.it/bzoVKB,5,,Tengo q pillarme unas onitsuka tiger amarillas,,2025-11-01
2025-11-15,Frankenstein,2025,https://boxd.it/bIjUWR,3,,"Mola, pero por que parece todo tan falso? No se si son los perros de cgi el uso excesivisimo de partículas en postproducción o q pero la película tiene una capa muy densa de mierda añadida xq si que me ha sacado tantas veces de la poca inmersión que ya tenía que me ha hecho que me importase aún menos de lo que ya lo estaba haciendo.",,2025-11-14
2025-12-03,The Lost Chapter: Yuki's Revenge,2025,https://boxd.it/bUykrL,1,,"Me encanta el Fortnite
Lo juego todo el día 
Esto no es minecraft
Me encanta que bueno

Ahora fuera coñas menuda forma más patética de mancillar toda su obra, espero que se ha llevado un pellizco de varios kilos xq esto no es nada más que souless corporate slop",,2025-12-02
2025-12-12,Blood Diamond,2006,https://boxd.it/c0TTbT,3,,"""Why do we do this to eachother?""

A ver es un americanda super disfrutable y un peliculón en toda regla pero esto de que se cague encima a la mitad tratando de colarte que esto se lo tienen merecido los sierraleonenses por que se lo hacen a ellos mismos es una puta barbaridad. 

En ningún momento se toca el colonialismo británico, la historia que tiene el país de violencia y opresión y ni siquiera se hecha las culpas a las milicias locales. El RUF es malo pero la milicia de blancos es buena??????  Y además la peli trata de dejar escueto hasta a las putisimas empresas de diamantes. Las 6 estrellas van por que es super divertida y no he cogido el movil pero madre mia como se caga encima la putisima peli",,2025-12-11
2025-12-16,Women on the Verge of a Nervous Breakdown,1988,https://boxd.it/c4agB5,3.5,,El gazpacho salvando el día una vez mas,,2025-12-15
2026-01-04,Rushmore,1998,https://boxd.it/cqqgcJ,4.5,,wes anderson tkm,,2026-01-03
2026-01-18,Chainsaw Man,2022,https://boxd.it/cGIhy7,3.5,,pq pegan mas duro las outros que todo lo demas,,2026-01-17
2026-01-29,Tatsuki Fujimoto 17-26,2025,https://boxd.it/cSe1fV,3.5,,Canelita en rama la sexta y última historia. Gracias fujimoto🫂🫂🫂🫂,,2026-01-28
2026-02-04,100 METERS,2025,https://boxd.it/cYEBKB,4,,"aaaaaaaaaaaaaaaaaaa Menudos hijos de puta con ese final. Muy guapa la peli es cierto q el primer acto se le nota el salto de calidad pero los otros dos son la pollisima y lo de la rotoscopia es canelita en rama. 

Como le molaría esta peli a mi padre",,2026-02-03
2026-02-05,Another Round,2020,https://boxd.it/cZxjm7,3,,"Joder que idea tan innovadora la de q beber para escapar tus problemas a lo mejor no es la mejor opción que hay. Pero luego de q el otro se muera ahogado y sigan bebiendo es una locura. A lo mejor la peli es mas crítica a la cultura relacionada a la bebida en Dinamarca pero me he quedado con un poco de mal sabor de boca, porque desde fuera parece q la peli dice que si en vd si eres puro de corazón el alcohol no te hace daño y tommy x lo q sea no lo era y merecía q le diera un coma etílico/ahogarse.",,2026-02-04
2026-02-14,The First Slam Dunk,2022,https://boxd.it/d6OG8z,4.5,,"Me han mentido, la peli no va de basket 🥲🥲🥲",,2026-02-13
2026-02-19,A Silent Voice: The Movie,2016,https://boxd.it/dc47ez,4.5,Yes,"Arbi arbi pare el partido, la peli que va sobre el bullying la redención y el sentirte suficiente como para mirar a la gente a la cara me ha a vuelto hacer llorar",,2026-02-18
2026-02-26,Past Lives,2023,https://boxd.it/diXdRV,4,,mu bonica,,2026-02-25
2026-03-04,Demolition,2015,https://boxd.it/dnU3Dt,4,,La subtrama mas tranquila de mi colega que estudia en otra ciudad,,2026-03-03
2026-03-05,The Hunt,2012,https://boxd.it/doBv3T,4,,Jodida no jodidísima,,2026-03-04
2026-03-06,Hacksaw Ridge,2016,https://boxd.it/dpjHhh,1.5,,pffff el prota mas genérico y plano no podía ser. Lo hacen ser lo mas likeable posible y aun así no lo consiguen. La peli además de ser propaganda americana y idealizar la guerra a un nivel vomitivo es un muermazo histórico. nose pq he decidido ponerme esto menuda mrd,,2026-03-05
2026-03-10,No Other Choice,2025,https://boxd.it/dsKhpl,4.5,,Hay plan para cuando termine la carrera,,2026-03-09
2026-03-13,Mind Game,2004,https://boxd.it/duO7cx,3.5,,mas experiencia que película,,2026-03-12
2026-03-15,Torrente 4: Lethal crisis,2011,https://boxd.it/dws8Bn,2.5,,"sigue siendo graciosa pero en vez de ser por las barrabasadas de torrente es por los cienmil millones de cameos, cosa q me parece un poco barata.  Aun así un rato guay si te pasas la mitad del tiempo con el movil durante el primer y segundo acto",,2026-03-14
2026-03-20,Superman,2025,https://boxd.it/dAKC4P,4,,esta muy roto eso de ser bajita pelinegra y tener los ojos grises,,2026-03-19
2026-03-24,Torrente 5: Operation Eurovegas,2014,https://boxd.it/dEElal,1,,lo que lo salva de la media estrella esq salga el rubius cn mangel y el hombre de negro,,2026-03-23
2026-03-28,Torrente for President,2026,https://boxd.it/dHUgCX,2.5,,Locura eso de que no le den papeles a Kevin spacey en Hollywood dps  de las 7 acusaciones de violación y tenga que salir en una peli de torrente para mantenerse relevante,,2026-03-28
2026-03-29,F1,2025,https://boxd.it/dIzMw5,4.5,,Mola el top gun pero sin imperialismo estadounidense y con coches,,2026-03-28
2026-04-02,FLCL,2000,https://boxd.it/dMu7K7,4,,"Mucho estilo e increíblemente también mucha sustancia para un anime tan desenfado y que se toma tan poco en serio. Tal vez algo mas pervertido de lo que me hubiera gustado pero toca de manera super natural el crecer, la sexualidad y el empezar a madurar. Además lo hace mientras te partes la polla y con un estilo que es un deleite audiovisual, el soundtrack es también una locura y lo mejor es que lo puedes volver a visitar en cualquier tarde que tengas muerta. 
Me ha molado un montón.",,2026-04-01
2026-04-09,The Day of the Beast,1995,https://boxd.it/dU165r,4.5,,"Que locura de peli muy español muy nuestro, le gana de the crow de todas las formas",,2026-04-09
2026-04-13,Fargo,1996,https://boxd.it/dXc3dB,4,,Joder menudo quesito la Marge que además de guapa resuelve el caso entero ella sola que tia,,2026-04-12
2026-04-25,Project Hail Mary,2026,https://boxd.it/e6rZnF,4.5,,Vale si puede ser bastante cliché pero joder como mola y que bien ejecutada esta,,2026-04-24
2026-04-26,One Battle After Another,2025,https://boxd.it/e73C71,4,,Hasta la polla de la música del botw,,2026-04-25
2026-04-28,Buried,2010,https://boxd.it/e94DVV,2.5,,gonvedi core,,2026-04-27
2026-05-03,Full Metal Jacket,1987,https://boxd.it/ecXBPX,3,,Primer acto top el resto meh,,2026-05-02
2026-05-08,Ritual,2000,https://boxd.it/egZqdX,4.5,,tus muertos anno,,2026-05-07
2026-05-23,Sinners,2025,https://boxd.it/esZrix,3,,1 hora creando un contexto y personajes relativamente interesantes para que a mitad de peli lo tiren todo a la basura y la conviertan en una peli de vampiros. Aun así bastante divertida pero joder es q me ha pillado demasiado desprevenido,,2026-05-22
2026-05-24,Five Nights at Freddy's 2,2025,https://boxd.it/etvRHR,2.5,,como me gusta the living tombstone macho,,2026-05-23
2026-05-24,The Super Mario Galaxy Movie,2026,https://boxd.it/etNq9f,5,,Me lo he pasado como un niño chico osea he hitteado sin querer la pose del this is cinema. Esta si es la peli que me merecía cuando le decia a mi padre q me pusise la peli de mario con 5 años. Me encanta todo,,2026-05-23
2026-06-01,Children of Men,2006,https://boxd.it/eAZ7D3,4.5,,Hey pues no se desvía tanto del estado actual del reino unido dps del brexit y de q haya ganado reform.,,2026-05-31
2026-06-09,Barrio,1998,https://boxd.it/eIfQCz,4,,La haine si fuese buena,,2026-06-08
2026-06-21,The Amazing Digital Circus: The Last Act,2026,https://boxd.it/eRSxuZ,3,,"Menudo viaje. Estaba decepcionando al principio con los primeros 10min que tal vez deberían haber sido partes del episodio anterior. Luego también siento que tal vez el ritmo ha estado algo descompensado, el que me metan los primeros 10minuros de lloriqueo y luego de repente la abstracción de jax fuera de cámara me ha matado la poca tensión que tenía, me perece una decisión horrible. Luego también por la cara Caine revive y lo perdonan instantáneamente??? 

Aunque la parte final ha estado bastante bien con el final agridulce. Luego la animación, el estilo y la musica impecables como siempre pero noto que la peli ha estado algo rusheada por lo subnormales de glitch aunque por lo menos se ha salvado de fanservice.
Tanto la serie como la peli son geniales, empecé por la estática pseudo backroom q tenía la serie y me quedé por lo bien construido que estaban los personajes pero noto que este final no está ni la mitad de pulido que los episodios finales. Es cierto que la serie debía acabar así sin segunda temporada pero de pena que ni ragatha ni kangle hayan tenido más importancia.",,2026-06-20
2026-06-28,Sicario,2015,https://boxd.it/eYa7s9,3,,"Menudo carrito del Villanueva, lo único que tiene la peli es actores carismáticos y fotografía durísima pero por lo demás bastante olvidable aunque me he divertido el ratito este",,2026-06-27
2026-07-02,12 Angry Men,1957,https://boxd.it/f234vL,4.5,,"Tiene algo que el remake no pudo acercarse a replicar, no se porqué he tardado tanto en ver la original.",,2026-07-01
2026-07-13,The Phoenician Scheme,2025,https://boxd.it/fcS2Q5,4.5,,Otro banger de wes anderson ojalá no se le acabe a este hombre nunca la genialidad,,2026-07-12
2026-07-28,In Whose Name?,2025,https://boxd.it/ftAQif,3,,"La verdad que es un documental que se queda a medias tintas. El documental trata de humanizar a YE pero al final se asimila mas a un reportaje de como destroza su carrera durante los últimos 10 años.

Yo entiendo que la posición en la que se encontraba kanye west era jodidísima, tal nivel de fama, admiración y dinero es difícil gestionarlo estando cuerdo. Pero con la bipolaridad que sufría, el tener que decidir entre tomar la medicina y matar todo su potencial creativo o no tomarla y volverse loco del todo opto por la segunda opción. Es triste volver a ver como ye vuelve a destruir su carrera pero entiendo que Nico Ballesteros no ha tenido libertad creativa absoluta para hacer el documental. Entonces algunos de los momentos mas importantes dentro de los episodios que el tenía que atan y dan sentido a todo lo que esta pasando los omite completamente.

Luego en cuanto al documental esta genialmente dirigido con un buen ritmo y buena cinematografía pero me da pena que no se haya enfocado en lo que rompió a este hombre perder a su madre, a su esposa y a toda la gente que le rodeaba hasta el punto de idolatratar a Hitler siendo el judio durante una gran parte de su vida. Lo que mató a kanye west fue el querer ganar mas dinero y optar por un lado corporativo en vez de quedarse en sus raíces con la gente que le importaba y de verdad lo tenía como heroe. Es que de verdad explicame que pinta elon musk, charlie kirk o trump al lado de este. 

Espero que el concierto sea bueno pero me da pena como posiblemente el artista que mas me ha influenciado en mi vida acabe poniendo un tweet insultando a su hermano muerto solo con el fin de ganar mas dinero.",,2026-07-27
2026-08-17,Before Sunset,2004,https://boxd.it/fRKR3h,4,,Como me jode saber que nunca voy a encontrar una persona con la química que tienen estos 2. Hijos de puta q me tienen jodido,,2026-08-16
