Date,Name,Year,Letterboxd URI
2024-04-25,The Iron Giant,1999,https://boxd.it/1Wow
2024-04-25,Dune: Part Two,2024,https://boxd.it/pUfA
2024-04-25,The Godfather Part III,1990,https://boxd.it/2aN6
2024-04-25,The Shining,1980,https://boxd.it/29Nu
2024-04-25,Soul,2020,https://boxd.it/ioLA
2024-04-25,Up,2009,https://boxd.it/1OEc
2024-04-25,A Clockwork Orange,1971,https://boxd.it/2aVE
2024-04-25,The Boy in the Striped Pyjamas,2008,https://boxd.it/1NOK
2024-04-25,Finding Nemo,2003,https://boxd.it/72i
2024-04-25,Rocky II,1979,https://boxd.it/28Ua
2024-04-25,Mulan,1998,https://boxd.it/1VFw
2024-04-25,Batman Begins,2005,https://boxd.it/2aIg
2024-04-25,The Dark Knight,2008,https://boxd.it/2b0k
2024-04-25,The Dark Knight Rises,2012,https://boxd.it/H3m
2024-04-25,La La Land,2016,https://boxd.it/a5fa
2024-04-25,Seven Samurai,1954,https://boxd.it/2axi
2024-04-25,The Thing,1982,https://boxd.it/294O
2024-04-25,Taxi Driver,1976,https://boxd.it/2b8y
2024-04-25,Rosemary's Baby,1968,https://boxd.it/29zM
2024-04-25,Lawrence of Arabia,1962,https://boxd.it/2wRE
2024-04-25,Klaus,2019,https://boxd.it/ipoi
2024-04-25,Cinema Paradiso,1988,https://boxd.it/1UlA
2024-04-25,Singin' in the Rain,1952,https://boxd.it/29oY
2024-04-25,Barry Lyndon,1975,https://boxd.it/25A2
2024-04-25,Pi,1998,https://boxd.it/2ajq
2024-04-25,Nightcrawler,2014,https://boxd.it/780m
2024-04-25,Gravity,2013,https://boxd.it/GZY
2024-04-25,Chernobyl,2019,https://boxd.it/mkbG
2024-04-28,Over the Garden Wall,2014,https://boxd.it/eqFw
2024-05-05,Killers of the Flower Moon,2023,https://boxd.it/gHp0
2024-05-09,2001: A Space Odyssey,1968,https://boxd.it/2bf0
2024-05-09,Cell 211,2009,https://boxd.it/1fPa
2024-05-09,Good Time,2017,https://boxd.it/fcFu
2024-05-09,Blade Runner,1982,https://boxd.it/2bcA
2024-05-09,"The Good, the Bad and the Ugly",1966,https://boxd.it/2ape
2024-05-10,The Good Boss,2021,https://boxd.it/uVv0
2024-05-10,Challengers,2024,https://boxd.it/zld0
2024-05-10,West Side Story,1961,https://boxd.it/28dK
2024-05-11,Puss in Boots: The Last Wish,2022,https://boxd.it/aaie
2024-05-17,Yi Yi,2000,https://boxd.it/1vCw
2024-05-17,The Human Condition III: A Soldier's Prayer,1961,https://boxd.it/1dIQ
2024-05-17,Ikiru,1952,https://boxd.it/251c
2024-05-17,Stalker,1979,https://boxd.it/28PO
2024-05-17,Dr. Strangelove or: How I Learned to Stop Worrying and Love the Bomb,1964,https://boxd.it/29eY
2024-05-17,Magnolia,1999,https://boxd.it/2aze
2024-05-17,All Quiet on the Western Front,1930,https://boxd.it/2b2g
2024-05-20,Life Is Beautiful,1997,https://boxd.it/29Wm
2024-05-20,The Batman,2022,https://boxd.it/eDGs
2024-05-20,The Founder,2016,https://boxd.it/9XwM
2024-05-20,Once Upon a Time in America,1984,https://boxd.it/2aCs
2024-05-21,Vortex,2021,https://boxd.it/uoni
2024-05-28,Scott Pilgrim Takes Off,2023,https://boxd.it/JLZk
2024-05-28,Gladiator,2000,https://boxd.it/2b9m
2024-05-28,The Green Mile,1999,https://boxd.it/2agG
2024-05-28,Jurassic Park,1993,https://boxd.it/2aA2
2024-05-28,The Terminator,1984,https://boxd.it/2aQY
2024-05-28,A Serious Man,2009,https://boxd.it/1RFW
2024-05-29,The Father,2020,https://boxd.it/m8Ie
2024-05-29,Mortadelo & Filemon: The Big Adventure,2003,https://boxd.it/1Zsc
2024-05-29,Spider-Man 3,2007,https://boxd.it/2a7Y
2024-05-29,Terminator 2: Judgment Day,1991,https://boxd.it/2aGY
2024-05-29,Cars,2006,https://boxd.it/29ho
2024-05-29,The Intouchables,2011,https://boxd.it/2FT0
2024-05-29,Vertigo,1958,https://boxd.it/2apI
2024-06-01,Metropolis,2001,https://boxd.it/1YfQ
2024-06-01,Metropolis,1927,https://boxd.it/71a
2024-06-01,The Garden of Words,2013,https://boxd.it/5Ymq
2024-06-01,Children Who Chase Lost Voices,2011,https://boxd.it/2M6k
2024-06-02,Billy Elliot,2000,https://boxd.it/2bdy
2024-06-05,Warrior,2011,https://boxd.it/i3G
2024-06-06,Funny Games,1997,https://boxd.it/1WKM
2024-06-06,The Gentlemen,2019,https://boxd.it/iYBQ
2024-06-06,Toy Story,1995,https://boxd.it/29qA
2024-06-06,John Wick,2014,https://boxd.it/7dEc
2024-06-06,American Beauty,1999,https://boxd.it/71Y
2024-06-06,The Apartment,1960,https://boxd.it/2aGE
2024-06-06,Coherence,2013,https://boxd.it/6xza
2024-06-06,Braveheart,1995,https://boxd.it/2aTI
2024-06-06,Lion,2016,https://boxd.it/b2La
2024-06-06,Space Jam,1996,https://boxd.it/26YO
2024-06-06,Once Upon a Time in the West,1968,https://boxd.it/2az4
2024-06-06,The Fallout,2021,https://boxd.it/tViI
2024-06-06,Bambi,1942,https://boxd.it/25AQ
2024-06-06,Citizen Kane,1941,https://boxd.it/71O
2024-06-08,Punch-Drunk Love,2002,https://boxd.it/20E4
2024-06-08,Downfall,2004,https://boxd.it/2a04
2024-06-08,21 Jump Street,2012,https://boxd.it/J0
2024-06-11,A Fistful of Dollars,1964,https://boxd.it/2auo
2024-06-11,Cape Fear,1991,https://boxd.it/28vu
2024-06-12,For a Few Dollars More,1965,https://boxd.it/29eu
2024-06-12,Megalopolis,2024,https://boxd.it/lPBS
2024-06-13,Alien,1979,https://boxd.it/2awY
2024-06-14,Casablanca,1942,https://boxd.it/2aG0
2024-06-15,The Lion King,1994,https://boxd.it/201Q
2024-06-17,Anomalisa,2015,https://boxd.it/97TE
2024-06-17,The Big Lebowski,1998,https://boxd.it/2b6C
2024-06-18,Battle Royale,2000,https://boxd.it/25zS
2024-06-18,Anything Else,2003,https://boxd.it/1Vw0
2024-06-18,Audition,1999,https://boxd.it/1UHm
2024-06-18,The Blade,1995,https://boxd.it/VSy
2024-06-18,Boogie Nights,1997,https://boxd.it/23um
2024-06-18,Dazed and Confused,1993,https://boxd.it/1Ylk
2024-06-18,Dogville,2003,https://boxd.it/2a8W
2024-06-18,The Host,2006,https://boxd.it/28ZY
2024-06-18,The Insider,1999,https://boxd.it/1ZoE
2024-06-18,The Matrix,1999,https://boxd.it/2a1m
2024-06-18,Police Story 3: Super Cop,1992,https://boxd.it/1Uyk
2024-06-18,Speed,1994,https://boxd.it/28qk
2024-06-18,Unbreakable,2000,https://boxd.it/1XV2
2024-06-19,The Peasants,2023,https://boxd.it/rwWa
2024-06-20,Pink Flamingos,1972,https://boxd.it/29NO
2024-06-20,It's Such a Beautiful Day,2012,https://boxd.it/hCY2
2024-06-26,Logan,2017,https://boxd.it/7Piy
2024-06-28,Cristóbal Balenciaga,2024,https://boxd.it/KSe8
2024-07-03,Kinds of Kindness,2024,https://boxd.it/CWPw
2024-07-04,Stalingrad,1993,https://boxd.it/1UDu
2024-07-05,Sleepers,1996,https://boxd.it/29xw
2024-07-05,Family,1996,https://boxd.it/3DEE
2024-07-13,The Killing Fields,1984,https://boxd.it/29Yi
2024-07-18,Where Is the Friend's House?,1987,https://boxd.it/ELg
2024-07-27,Spider-Man 2,2004,https://boxd.it/2a88
2024-09-21,An Elephant Sitting Still,2018,https://boxd.it/i1EQ
2024-09-21,Memories,1995,https://boxd.it/Vz2
2024-09-21,Wicked City,1987,https://boxd.it/1BSA
2024-09-21,Ninja Scroll,1993,https://boxd.it/1Ooe
2024-09-21,Ghost in the Shell,1995,https://boxd.it/1YYc
2024-09-21,Drifting Home,2022,https://boxd.it/x7UA
2024-09-21,A Whisker Away,2020,https://boxd.it/oQEa
2024-10-27,Anatomy of a Murder,1959,https://boxd.it/2baa
2024-10-28,"Love, Death & Robots: Bad Travelling",2022,https://boxd.it/BykM
2024-11-03,The Last 10 Years,2022,https://boxd.it/x57m
2024-11-03,Portrait of a Lady on Fire,2019,https://boxd.it/jkPq
2024-11-16,Berserk,1997,https://boxd.it/pzgM
2024-11-22,A Woman Under the Influence,1974,https://boxd.it/1myg
2024-12-31,Hot Fuzz,2007,https://boxd.it/2416
2025-01-03,Do the Right Thing,1989,https://boxd.it/29gA
2025-01-04,Anatomy of a Fall,2023,https://boxd.it/yuDE
2025-01-04,Master and Commander: The Far Side of the World,2003,https://boxd.it/200S
2025-01-07,The Brutalist,2024,https://boxd.it/k4BO
2025-01-07,The Killing of a Sacred Deer,2017,https://boxd.it/dZ5G
2025-01-09,NANA,2006,https://boxd.it/qBBE
2025-01-10,Cast Away,2000,https://boxd.it/20i8
2025-01-20,Kneecap,2024,https://boxd.it/ILxI
2025-01-21,28 Days Later,2002,https://boxd.it/2aXU
2025-01-21,Training Day,2001,https://boxd.it/27A4
2025-01-21,Anora,2024,https://boxd.it/Egcw
2025-01-26,Nickel Boys,2024,https://boxd.it/CStQ
2025-01-26,A Complete Unknown,2024,https://boxd.it/oBYa
2025-01-26,Conclave,2024,https://boxd.it/AO8q
2025-01-27,Night of the Pencils,1986,https://boxd.it/se0
2025-02-14,I'm Still Here,2024,https://boxd.it/BPEO
2025-02-22,Enemy,2013,https://boxd.it/5xtO
2025-03-04,Sorcerer,1977,https://boxd.it/14J6
2025-03-06,No Other Land,2024,https://boxd.it/KOTG
2025-03-10,Your Lie in April,2014,https://boxd.it/px2S
2025-03-15,Paranoia Agent,2004,https://boxd.it/lPy0
2025-03-22,Better Days,2019,https://boxd.it/l9Ke
2025-03-29,Made in Abyss,2017,https://boxd.it/pE50
2025-04-13,Twin Peaks,1989,https://boxd.it/g8pk
2025-04-27,The Tatami Time Machine Blues,2022,https://boxd.it/FZZ6
2025-05-17,The Tree of Life,2011,https://boxd.it/1Zu8
2025-06-08,Meet Joe Black,1998,https://boxd.it/2aEI
2025-06-28,Scarlet,2025,https://boxd.it/S6iW
2025-07-07,Life of Brian,1979,https://boxd.it/2a4q
2025-08-16,Weapons,2025,https://boxd.it/EMTM
2025-09-01,Magazine Dreams,2023,https://boxd.it/tv1w
2025-10-19,Pulse,2001,https://boxd.it/1s3y
2025-10-23,Pusher,1996,https://boxd.it/27wG
2025-10-27,Dog Day Afternoon,1975,https://boxd.it/29bg
2025-10-30,Where the Crawdads Sing,2022,https://boxd.it/psLS
2025-11-02,Amélie,2001,https://boxd.it/2aUc
2025-11-11,Pain and Glory,2019,https://boxd.it/iOBQ
2025-11-13,All That Jazz,1979,https://boxd.it/1JB8
2025-11-20,Midnight in Paris,2011,https://boxd.it/i4a
2025-12-03,The Battle of Algiers,1966,https://boxd.it/1IRY
2025-12-17,A Bronx Tale,1993,https://boxd.it/28uQ
2025-12-18,The Human Condition I: No Greater Love,1959,https://boxd.it/1jAy
2025-12-31,Black Lagoon,2006,https://boxd.it/rb0Y
2026-01-02,Paradise Kiss,2005,https://boxd.it/qCsy
2026-01-24,The Tobacconist of Vallecas,1987,https://boxd.it/3Kxg
2026-01-29,The Notebook,2004,https://boxd.it/1UNE
2026-01-31,Left-Handed Girl,2025,https://boxd.it/BLDW
2026-02-07,Mother,2009,https://boxd.it/1m9g
2026-02-17,Close-Up,1990,https://boxd.it/1m9q
2026-04-06,The 47,2024,https://boxd.it/IvNU
2026-04-08,"Synecdoche, New York",2008,https://boxd.it/23zw
2026-04-09,Diary of a Wimpy Kid: Rodrick Rules,2011,https://boxd.it/gm2
2026-04-15,Papillon,1973,https://boxd.it/22kK
2026-04-15,Nobody Knows,2004,https://boxd.it/26E0
2026-04-15,Aimless Bullet,1961,https://boxd.it/2skQ
2026-04-15,Son of Saul,2015,https://boxd.it/b6r4
2026-04-22,Limitless,2011,https://boxd.it/Aly
2026-04-24,Elden Ring,2028,https://boxd.it/V9Le
2026-04-25,The Beasts,2022,https://boxd.it/w1L6
2026-04-26,Backrooms,2026,https://boxd.it/EY6W
2026-04-27,The Drama,2026,https://boxd.it/OA2w
2026-04-28,True Romance,1993,https://boxd.it/2aBa
2026-04-30,Undercover,2024,https://boxd.it/K7P2
2026-05-02,Resurrection,2025,https://boxd.it/x9DG
2026-05-02,"Salò, or the 120 Days of Sodom",1975,https://boxd.it/237s
2026-05-04,Rashomon,1950,https://boxd.it/2a9K
2026-05-05,Gummo,1997,https://boxd.it/1H0Y
2026-05-05,Lars and the Real Girl,2007,https://boxd.it/21tG
2026-05-06,The Devil Wears Prada,2006,https://boxd.it/2awE
2026-05-06,The Substance,2024,https://boxd.it/zanS
2026-05-07,Close,2022,https://boxd.it/y4qa
2026-05-09,Life of Pi,2012,https://boxd.it/37pC
2026-05-21,Possibly in Michigan,1983,https://boxd.it/aXA2
2026-05-21,The Dam Keeper,2014,https://boxd.it/7tju
2026-05-21,Pull My Daisy,1959,https://boxd.it/51s
2026-05-21,The Strange Thing About the Johnsons,2011,https://boxd.it/56nO
2026-05-21,Un Chien Andalou,1929,https://boxd.it/29Y8
2026-05-21,Reprise,2006,https://boxd.it/1Sji
2026-05-22,Exit 8,2025,https://boxd.it/S9Kk
2026-05-22,In the Mood for Love,2000,https://boxd.it/29tE
2026-05-23,Obsession,2025,https://boxd.it/PNqo
2026-05-27,A.I. Artificial Intelligence,2001,https://boxd.it/29Ve
2026-05-29,Babel,2006,https://boxd.it/292o
2026-06-02,Hereditary,2018,https://boxd.it/hNVe
2026-06-04,The Witch,2015,https://boxd.it/9X0m
2026-06-11,The Social Reckoning,2026,https://boxd.it/MRPQ
2026-06-12,Swing Girls,2004,https://boxd.it/1ag0
2026-06-14,Strokes of Genius,2018,https://boxd.it/jqqm
2026-06-14,Iron Lung,2026,https://boxd.it/GdtI
2026-06-16,Big Fish,2003,https://boxd.it/2a3M
2026-06-18,Submarine,2010,https://boxd.it/H4a
2026-06-18,Rent-a-Cat,2012,https://boxd.it/3S5O
2026-06-26,High School Musical 2,2007,https://boxd.it/1PIu
2026-06-26,Friday the 13th,1980,https://boxd.it/24fs
2026-06-28,The Breakfast Club,1985,https://boxd.it/27q4
2026-06-30,Supergirl,2026,https://boxd.it/ESyU
2026-06-30,Toy Story 5,2026,https://boxd.it/F06E
2026-07-03,"Same Love, Same Rain",1999,https://boxd.it/RLo
2026-07-03,Love Exposure,2008,https://boxd.it/1pDe
2026-07-03,Avanti!,1972,https://boxd.it/1RMo
2026-07-03,Days of Heaven,1978,https://boxd.it/1JRg
2026-07-03,Streetwise,1984,https://boxd.it/XKw
2026-07-03,Nobody Will Speak of Us When We're Dead,1995,https://boxd.it/2yNE
2026-07-09,The Sunset Limited,2011,https://boxd.it/o8M
2026-07-12,Toys,1992,https://boxd.it/1TsK
2026-07-19,Central Station,1998,https://boxd.it/29RG
2026-07-19,The Second Mother,2015,https://boxd.it/9Ydm
2026-07-19,8½,1963,https://boxd.it/2aqm
2026-07-21,Secretary,2002,https://boxd.it/1URc
2026-07-24,Under the Silver Lake,2018,https://boxd.it/dSAs
2026-07-27,Love & Pop,1998,https://boxd.it/2sv0
2026-07-30,Soccer Days,2003,https://boxd.it/uX2
2026-08-04,Revolution of Our Times,2021,https://boxd.it/w72c
2026-08-16,The Rocky Horror Picture Show,1975,https://boxd.it/1a3q
2026-08-17,Manolito Four Eyes,1999,https://boxd.it/2ney
2026-08-18,Beck: Mongolian Chop Squad,2004,https://boxd.it/qdyc
2026-08-22,"The Tunnel to Summer, the Exit of Goodbyes",2022,https://boxd.it/yvCM
